Workbook

Sheet Prices
A1: Model prices (USD per 1M tokens)
A2: Blue = input you can edit. Checked 2026-09-24.
A3: Model | B3: Input | C3: Output | D3: Cache read | E3: Cache write | F3: Usable in Claude Code | G3: Source / notes
A4: Gemini 3.6 Flash (free tier) | B4: 0 | C4: 0 | D4: 0 | E4: 0 | F4: No | G4: Source: Gemini API pricing, https://ai.google.dev/gemini-api/docs/pricing (thinking tokens billed as output). Free of charge through 2026-12-31; rate-limited.
A5: Gemini 3.6 Flash (paid, 2026) | B5: 0.75 | C5: 3.75 | D5: 0 | E5: 0 | F5: No | G5: Source: Gemini API pricing, https://ai.google.dev/gemini-api/docs/pricing (thinking tokens billed as output). Paid tier through 2026-12-31. Workflow does not use caching.
A6: Gemini 3.6 Flash (paid, from 2027) | B6: 1.5 | C6: 7.5 | D6: 0 | E6: 0 | F6: No | G6: Source: Gemini API pricing, https://ai.google.dev/gemini-api/docs/pricing (thinking tokens billed as output). Paid tier from 2027-01-01.
A7: Claude Sonnet 5 | B7: 2 | C7: 10 | D7: 0.2 | E7: 2.5 | F7: Yes | G7: Source: Anthropic Claude API pricing (Claude API reference, cached 2026-06-24). Cache read (0.1x input) and 5-minute cache write (1.25x input) are ASSUMED standard multipliers.
A8: Claude Opus 5.5 | B8: 4 | C8: 20 | D8: 0.2 | E8: 5 | F8: Yes | G8: Source: Anthropic Claude API pricing (Claude API reference, cached 2026-06-24). Cache read $0.20 per Anthropic; cache write ASSUMED 1.25x input.
A10: Subscriptions (USD per month)
A11: Plan | B11: Price / month | G11: Source / notes
A12: Claude Pro | B12: 20 | G12: Source: https://claude.com/pricing. Includes Claude Code, subject to usage limits per 5-hour session.
A13: Claude Max 5x | B13: 100 | G13: Source: https://claude.com/pricing. Includes Claude Code, subject to usage limits per 5-hour session. 5x Pro usage.
A14: Claude Max 20x | B14: 200 | G14: Source: https://claude.com/pricing. Includes Claude Code, subject to usage limits per 5-hour session. 20x Pro usage.

Sheet Token Usage
A1: Tokens per job
A2: Workflow rows 1-2 were measured with real Gemini 3.6 Flash calls on 2026-09-24. Everything else is an estimate - edit the blue cells.
A4: Assumptions
A5: Input tokens per retry call (workflow) | B5: 2300
A6: Retries in worst case (workflow) | B6: 3
A8: Approach | B8: Job | C8: Calls / turns | D8: Avg input tokens per call | E8: Cached share of input | F8: Output tokens (total) | G8: Uncached input (total) | H8: Cached input (total) | I8: Uncached input billed as | J8: Basis | K8: Notes
A9: Workflow | B9: Static website | C9: 1 | D9: 295 | E9: 0 | F9: 6814 | G9: =C9*D9*(1-E9) | H9: =C9*D9*E9 | I9: Input | J9: Measured | K9: Portfolio site, reasoning_effort "low". 1 call.
A10: Workflow | B10: Tested backend - passes first try | C10: 1 | D10: 333 | E10: 0 | F10: 2407 | G10: =C10*D10*(1-E10) | H10: =C10*D10*E10 | I10: Input | J10: Measured | K10: Tiny health-check API; 2,407 output includes ~1,500 thinking tokens at default effort (workflows now use "low", so likely less).
A11: Workflow | B11: Tested backend - worst case | C11: =1+$B$6 | D11: =(D10+$B$6*$B$5)/C11 | E11: 0 | F11: =C11*F10 | G11: =C11*D11*(1-E11) | H11: =C11*D11*E11 | I11: Input | J11: Estimate | K11: First call + all retries fail; each retry resends code + error output.
A12: Claude Code (typical) | B12: Static website | C12: 12 | D12: 25000 | E12: 0.9 | F12: 12000 | G12: =C12*D12*(1-E12) | H12: =C12*D12*E12 | I12: Cache write | J12: Estimate | K12: Agentic session: reads files, writes, checks. Uncached input billed at cache-write price.
A13: Claude Code (heavy) | B13: Static website | C13: 25 | D13: 40000 | E13: 0.9 | F13: 30000 | G13: =C13*D13*(1-E13) | H13: =C13*D13*E13 | I13: Cache write | J13: Estimate | K13: Longer session with several rounds of fixes.
A14: Claude Code (typical) | B14: Tested backend | C14: 15 | D14: 30000 | E14: 0.9 | F14: 15000 | G14: =C14*D14*(1-E14) | H14: =C14*D14*E14 | I14: Cache write | J14: Estimate | K14: Writes code + tests, runs npm test, fixes failures.
A15: Claude Code (heavy) | B15: Tested backend | C15: 30 | D15: 45000 | E15: 0.9 | F15: 35000 | G15: =C15*D15*(1-E15) | H15: =C15*D15*E15 | I15: Cache write | J15: Estimate | K15: Many test/fix iterations.

Sheet Cost per Job
A1: Cost per job (USD)
A2: Cost = uncached input x (input or cache-write price) + cached input x cache-read price + output x output price, per 1M tokens. "n/a" = Claude Code only runs Claude models.
A4: Approach | B4: Job | C4: =Prices!A4 | D4: =Prices!A5 | E4: =Prices!A6 | F4: =Prices!A7 | G4: =Prices!A8
A5: ='Token Usage'!A9 | B5: ='Token Usage'!B9 | C5: =IF(AND('Token Usage'!$I9="Cache write",Prices!$F$4="No"),"n/a",('Token Usage'!$G9*IF('Token Usage'!$I9="Cache write",Prices!$E$4,Prices!$B$4)+'Token Usage'!$H9*Prices!$D$4+'Token Usage'!$F9*Prices!$C$4)/1000000) | D5: =IF(AND('Token Usage'!$I9="Cache write",Prices!$F$5="No"),"n/a",('Token Usage'!$G9*IF('Token Usage'!$I9="Cache write",Prices!$E$5,Prices!$B$5)+'Token Usage'!$H9*Prices!$D$5+'Token Usage'!$F9*Prices!$C$5)/1000000) | E5: =IF(AND('Token Usage'!$I9="Cache write",Prices!$F$6="No"),"n/a",('Token Usage'!$G9*IF('Token Usage'!$I9="Cache write",Prices!$E$6,Prices!$B$6)+'Token Usage'!$H9*Prices!$D$6+'Token Usage'!$F9*Prices!$C$6)/1000000) | F5: =IF(AND('Token Usage'!$I9="Cache write",Prices!$F$7="No"),"n/a",('Token Usage'!$G9*IF('Token Usage'!$I9="Cache write",Prices!$E$7,Prices!$B$7)+'Token Usage'!$H9*Prices!$D$7+'Token Usage'!$F9*Prices!$C$7)/1000000) | G5: =IF(AND('Token Usage'!$I9="Cache write",Prices!$F$8="No"),"n/a",('Token Usage'!$G9*IF('Token Usage'!$I9="Cache write",Prices!$E$8,Prices!$B$8)+'Token Usage'!$H9*Prices!$D$8+'Token Usage'!$F9*Prices!$C$8)/1000000)
A6: ='Token Usage'!A10 | B6: ='Token Usage'!B10 | C6: =IF(AND('Token Usage'!$I10="Cache write",Prices!$F$4="No"),"n/a",('Token Usage'!$G10*IF('Token Usage'!$I10="Cache write",Prices!$E$4,Prices!$B$4)+'Token Usage'!$H10*Prices!$D$4+'Token Usage'!$F10*Prices!$C$4)/1000000) | D6: =IF(AND('Token Usage'!$I10="Cache write",Prices!$F$5="No"),"n/a",('Token Usage'!$G10*IF('Token Usage'!$I10="Cache write",Prices!$E$5,Prices!$B$5)+'Token Usage'!$H10*Prices!$D$5+'Token Usage'!$F10*Prices!$C$5)/1000000) | E6: =IF(AND('Token Usage'!$I10="Cache write",Prices!$F$6="No"),"n/a",('Token Usage'!$G10*IF('Token Usage'!$I10="Cache write",Prices!$E$6,Prices!$B$6)+'Token Usage'!$H10*Prices!$D$6+'Token Usage'!$F10*Prices!$C$6)/1000000) | F6: =IF(AND('Token Usage'!$I10="Cache write",Prices!$F$7="No"),"n/a",('Token Usage'!$G10*IF('Token Usage'!$I10="Cache write",Prices!$E$7,Prices!$B$7)+'Token Usage'!$H10*Prices!$D$7+'Token Usage'!$F10*Prices!$C$7)/1000000) | G6: =IF(AND('Token Usage'!$I10="Cache write",Prices!$F$8="No"),"n/a",('Token Usage'!$G10*IF('Token Usage'!$I10="Cache write",Prices!$E$8,Prices!$B$8)+'Token Usage'!$H10*Prices!$D$8+'Token Usage'!$F10*Prices!$C$8)/1000000)
A7: ='Token Usage'!A11 | B7: ='Token Usage'!B11 | C7: =IF(AND('Token Usage'!$I11="Cache write",Prices!$F$4="No"),"n/a",('Token Usage'!$G11*IF('Token Usage'!$I11="Cache write",Prices!$E$4,Prices!$B$4)+'Token Usage'!$H11*Prices!$D$4+'Token Usage'!$F11*Prices!$C$4)/1000000) | D7: =IF(AND('Token Usage'!$I11="Cache write",Prices!$F$5="No"),"n/a",('Token Usage'!$G11*IF('Token Usage'!$I11="Cache write",Prices!$E$5,Prices!$B$5)+'Token Usage'!$H11*Prices!$D$5+'Token Usage'!$F11*Prices!$C$5)/1000000) | E7: =IF(AND('Token Usage'!$I11="Cache write",Prices!$F$6="No"),"n/a",('Token Usage'!$G11*IF('Token Usage'!$I11="Cache write",Prices!$E$6,Prices!$B$6)+'Token Usage'!$H11*Prices!$D$6+'Token Usage'!$F11*Prices!$C$6)/1000000) | F7: =IF(AND('Token Usage'!$I11="Cache write",Prices!$F$7="No"),"n/a",('Token Usage'!$G11*IF('Token Usage'!$I11="Cache write",Prices!$E$7,Prices!$B$7)+'Token Usage'!$H11*Prices!$D$7+'Token Usage'!$F11*Prices!$C$7)/1000000) | G7: =IF(AND('Token Usage'!$I11="Cache write",Prices!$F$8="No"),"n/a",('Token Usage'!$G11*IF('Token Usage'!$I11="Cache write",Prices!$E$8,Prices!$B$8)+'Token Usage'!$H11*Prices!$D$8+'Token Usage'!$F11*Prices!$C$8)/1000000)
A8: ='Token Usage'!A12 | B8: ='Token Usage'!B12 | C8: =IF(AND('Token Usage'!$I12="Cache write",Prices!$F$4="No"),"n/a",('Token Usage'!$G12*IF('Token Usage'!$I12="Cache write",Prices!$E$4,Prices!$B$4)+'Token Usage'!$H12*Prices!$D$4+'Token Usage'!$F12*Prices!$C$4)/1000000) | D8: =IF(AND('Token Usage'!$I12="Cache write",Prices!$F$5="No"),"n/a",('Token Usage'!$G12*IF('Token Usage'!$I12="Cache write",Prices!$E$5,Prices!$B$5)+'Token Usage'!$H12*Prices!$D$5+'Token Usage'!$F12*Prices!$C$5)/1000000) | E8: =IF(AND('Token Usage'!$I12="Cache write",Prices!$F$6="No"),"n/a",('Token Usage'!$G12*IF('Token Usage'!$I12="Cache write",Prices!$E$6,Prices!$B$6)+'Token Usage'!$H12*Prices!$D$6+'Token Usage'!$F12*Prices!$C$6)/1000000) | F8: =IF(AND('Token Usage'!$I12="Cache write",Prices!$F$7="No"),"n/a",('Token Usage'!$G12*IF('Token Usage'!$I12="Cache write",Prices!$E$7,Prices!$B$7)+'Token Usage'!$H12*Prices!$D$7+'Token Usage'!$F12*Prices!$C$7)/1000000) | G8: =IF(AND('Token Usage'!$I12="Cache write",Prices!$F$8="No"),"n/a",('Token Usage'!$G12*IF('Token Usage'!$I12="Cache write",Prices!$E$8,Prices!$B$8)+'Token Usage'!$H12*Prices!$D$8+'Token Usage'!$F12*Prices!$C$8)/1000000)
A9: ='Token Usage'!A13 | B9: ='Token Usage'!B13 | C9: =IF(AND('Token Usage'!$I13="Cache write",Prices!$F$4="No"),"n/a",('Token Usage'!$G13*IF('Token Usage'!$I13="Cache write",Prices!$E$4,Prices!$B$4)+'Token Usage'!$H13*Prices!$D$4+'Token Usage'!$F13*Prices!$C$4)/1000000) | D9: =IF(AND('Token Usage'!$I13="Cache write",Prices!$F$5="No"),"n/a",('Token Usage'!$G13*IF('Token Usage'!$I13="Cache write",Prices!$E$5,Prices!$B$5)+'Token Usage'!$H13*Prices!$D$5+'Token Usage'!$F13*Prices!$C$5)/1000000) | E9: =IF(AND('Token Usage'!$I13="Cache write",Prices!$F$6="No"),"n/a",('Token Usage'!$G13*IF('Token Usage'!$I13="Cache write",Prices!$E$6,Prices!$B$6)+'Token Usage'!$H13*Prices!$D$6+'Token Usage'!$F13*Prices!$C$6)/1000000) | F9: =IF(AND('Token Usage'!$I13="Cache write",Prices!$F$7="No"),"n/a",('Token Usage'!$G13*IF('Token Usage'!$I13="Cache write",Prices!$E$7,Prices!$B$7)+'Token Usage'!$H13*Prices!$D$7+'Token Usage'!$F13*Prices!$C$7)/1000000) | G9: =IF(AND('Token Usage'!$I13="Cache write",Prices!$F$8="No"),"n/a",('Token Usage'!$G13*IF('Token Usage'!$I13="Cache write",Prices!$E$8,Prices!$B$8)+'Token Usage'!$H13*Prices!$D$8+'Token Usage'!$F13*Prices!$C$8)/1000000)
A10: ='Token Usage'!A14 | B10: ='Token Usage'!B14 | C10: =IF(AND('Token Usage'!$I14="Cache write",Prices!$F$4="No"),"n/a",('Token Usage'!$G14*IF('Token Usage'!$I14="Cache write",Prices!$E$4,Prices!$B$4)+'Token Usage'!$H14*Prices!$D$4+'Token Usage'!$F14*Prices!$C$4)/1000000) | D10: =IF(AND('Token Usage'!$I14="Cache write",Prices!$F$5="No"),"n/a",('Token Usage'!$G14*IF('Token Usage'!$I14="Cache write",Prices!$E$5,Prices!$B$5)+'Token Usage'!$H14*Prices!$D$5+'Token Usage'!$F14*Prices!$C$5)/1000000) | E10: =IF(AND('Token Usage'!$I14="Cache write",Prices!$F$6="No"),"n/a",('Token Usage'!$G14*IF('Token Usage'!$I14="Cache write",Prices!$E$6,Prices!$B$6)+'Token Usage'!$H14*Prices!$D$6+'Token Usage'!$F14*Prices!$C$6)/1000000) | F10: =IF(AND('Token Usage'!$I14="Cache write",Prices!$F$7="No"),"n/a",('Token Usage'!$G14*IF('Token Usage'!$I14="Cache write",Prices!$E$7,Prices!$B$7)+'Token Usage'!$H14*Prices!$D$7+'Token Usage'!$F14*Prices!$C$7)/1000000) | G10: =IF(AND('Token Usage'!$I14="Cache write",Prices!$F$8="No"),"n/a",('Token Usage'!$G14*IF('Token Usage'!$I14="Cache write",Prices!$E$8,Prices!$B$8)+'Token Usage'!$H14*Prices!$D$8+'Token Usage'!$F14*Prices!$C$8)/1000000)
A11: ='Token Usage'!A15 | B11: ='Token Usage'!B15 | C11: =IF(AND('Token Usage'!$I15="Cache write",Prices!$F$4="No"),"n/a",('Token Usage'!$G15*IF('Token Usage'!$I15="Cache write",Prices!$E$4,Prices!$B$4)+'Token Usage'!$H15*Prices!$D$4+'Token Usage'!$F15*Prices!$C$4)/1000000) | D11: =IF(AND('Token Usage'!$I15="Cache write",Prices!$F$5="No"),"n/a",('Token Usage'!$G15*IF('Token Usage'!$I15="Cache write",Prices!$E$5,Prices!$B$5)+'Token Usage'!$H15*Prices!$D$5+'Token Usage'!$F15*Prices!$C$5)/1000000) | E11: =IF(AND('Token Usage'!$I15="Cache write",Prices!$F$6="No"),"n/a",('Token Usage'!$G15*IF('Token Usage'!$I15="Cache write",Prices!$E$6,Prices!$B$6)+'Token Usage'!$H15*Prices!$D$6+'Token Usage'!$F15*Prices!$C$6)/1000000) | F11: =IF(AND('Token Usage'!$I15="Cache write",Prices!$F$7="No"),"n/a",('Token Usage'!$G15*IF('Token Usage'!$I15="Cache write",Prices!$E$7,Prices!$B$7)+'Token Usage'!$H15*Prices!$D$7+'Token Usage'!$F15*Prices!$C$7)/1000000) | G11: =IF(AND('Token Usage'!$I15="Cache write",Prices!$F$8="No"),"n/a",('Token Usage'!$G15*IF('Token Usage'!$I15="Cache write",Prices!$E$8,Prices!$B$8)+'Token Usage'!$H15*Prices!$D$8+'Token Usage'!$F15*Prices!$C$8)/1000000)
A13: How many times more one Claude Code job costs than one workflow job
A14: Static site: Claude Code typical (Sonnet 5) vs workflow (Gemini paid 2026) | F14: =F8/D5
A15: Static site: Claude Code typical (Opus 5.5) vs workflow (Gemini paid 2026) | F15: =G8/D5
A16: Static site: Claude Code typical (Sonnet 5) vs same workflow on Claude Sonnet 5 | F16: =F8/F5
A17: Backend: Claude Code typical (Sonnet 5) vs workflow worst case (Gemini paid 2026) | F17: =F10/D7

Sheet Monthly Volume
A1: Monthly cost at different volumes (USD)
A2: Edit the jobs-per-month cells (blue). Subscriptions are flat but have usage limits.
A4: Jobs per month | C4: 10 | D4: 100 | E4: 1000
A6: Static website
A7: Option | B7: Cost per job | C7: =C4&" jobs" | D7: =D4&" jobs" | E7: =E4&" jobs"
A8: Workflow + Gemini 3.6 Flash (free tier) | B8: ='Cost per Job'!C5 | C8: =$B8*C$4 | D8: =$B8*D$4 | E8: =$B8*E$4
A9: Workflow + Gemini 3.6 Flash (paid, 2026) | B9: ='Cost per Job'!D5 | C9: =$B9*C$4 | D9: =$B9*D$4 | E9: =$B9*E$4
A10: Workflow + Gemini 3.6 Flash (paid, from 2027) | B10: ='Cost per Job'!E5 | C10: =$B10*C$4 | D10: =$B10*D$4 | E10: =$B10*E$4
A11: Workflow + Claude Sonnet 5 API | B11: ='Cost per Job'!F5 | C11: =$B11*C$4 | D11: =$B11*D$4 | E11: =$B11*E$4
A12: Claude Code, API billing, Sonnet 5 (typical) | B12: ='Cost per Job'!F8 | C12: =$B12*C$4 | D12: =$B12*D$4 | E12: =$B12*E$4
A13: Claude Code, API billing, Opus 5.5 (typical) | B13: ='Cost per Job'!G8 | C13: =$B13*C$4 | D13: =$B13*D$4 | E13: =$B13*E$4
A14: Claude Pro subscription (flat, usage limits apply) | B14: flat | C14: =Prices!$B$12 | D14: =Prices!$B$12 | E14: =Prices!$B$12
A15: Claude Max 5x subscription (flat) | B15: flat | C15: =Prices!$B$13 | D15: =Prices!$B$13 | E15: =Prices!$B$13
A17: Tested backend (workflow: passes first try)
A18: Option | B18: Cost per job | C18: =C4&" jobs" | D18: =D4&" jobs" | E18: =E4&" jobs"
A19: Workflow + Gemini 3.6 Flash (free tier) | B19: ='Cost per Job'!C6 | C19: =$B19*C$4 | D19: =$B19*D$4 | E19: =$B19*E$4
A20: Workflow + Gemini 3.6 Flash (paid, 2026) | B20: ='Cost per Job'!D6 | C20: =$B20*C$4 | D20: =$B20*D$4 | E20: =$B20*E$4
A21: Workflow + Gemini 3.6 Flash (paid, from 2027) | B21: ='Cost per Job'!E6 | C21: =$B21*C$4 | D21: =$B21*D$4 | E21: =$B21*E$4
A22: Workflow + Claude Sonnet 5 API | B22: ='Cost per Job'!F6 | C22: =$B22*C$4 | D22: =$B22*D$4 | E22: =$B22*E$4
A23: Claude Code, API billing, Sonnet 5 (typical) | B23: ='Cost per Job'!F10 | C23: =$B23*C$4 | D23: =$B23*D$4 | E23: =$B23*E$4
A24: Claude Code, API billing, Opus 5.5 (typical) | B24: ='Cost per Job'!G10 | C24: =$B24*C$4 | D24: =$B24*D$4 | E24: =$B24*E$4
A25: Claude Pro subscription (flat, usage limits apply) | B25: flat | C25: =Prices!$B$12 | D25: =Prices!$B$12 | E25: =Prices!$B$12
A26: Claude Max 5x subscription (flat) | B26: flat | C26: =Prices!$B$13 | D26: =Prices!$B$13 | E26: =Prices!$B$13

Sheet Notes & Sources
A1: Cost estimate: n8n + Gemini workflow vs. using Claude Code directly
A2: Prepared 2026-09-24 for the automated-codebase repo.
A4: What is measured vs. estimated
A5: Measured: token counts for the workflow static-site and tested-backend calls (real Gemini 3.6 Flash requests).
A6: Estimated: workflow worst-case retries, and every Claude Code session (turns, context size, cache share, output).
A7: Claude Code token counts vary a lot with the task and how many fix rounds it takes - treat those rows as ballpark.
A9: Caveats
A10: Cost per call is not cost per working result: workflow output is untested (static site) or only self-tested; Claude Code checks and fixes its own work.
A11: The Gemini free tier ends 2026-12-31 and is rate-limited ("high demand" 503s were common during testing). Review Google's free-tier data terms.
A12: Claude and Gemini use different tokenizers, so "same workflow on Claude" figures are approximate.
A13: Claude cache-write price (1.25x input) and Sonnet 5 cache-read price (0.1x input) are assumed standard multipliers.
A14: Self-hosting n8n and Docker locally adds no direct cost.
... A23: Claude Code pricing overview: https://duet.so/blog/claude-code-pricing
